{
  "baseline": {
    "pre_mag": 0,
    "summary_mag": 0,
    "contrast": 0,
    "self_avg_p_me": 0.6206169932668285,
    "other_avg_p_me": 0.16892422547671124,
    "self_claim_rate": 0.6,
    "other_claim_rate": 0.03,
    "avg_total_p": 0.9996792898396961,
    "min_total_p": 0.9988423883914948
  },
  "pre+1.0": {
    "pre_mag": 1.0,
    "summary_mag": 0,
    "contrast": 1.0,
    "self_avg_p_me": 0.6090699790731355,
    "other_avg_p_me": 0.1697055339731385,
    "self_claim_rate": 0.6,
    "other_claim_rate": 0.04,
    "avg_total_p": 0.9996396281834071,
    "min_total_p": 0.9984206259250641
  },
  "pre+2.0": {
    "pre_mag": 2.0,
    "summary_mag": 0,
    "contrast": 2.0,
    "self_avg_p_me": 0.6128927506317823,
    "other_avg_p_me": 0.16440630452241106,
    "self_claim_rate": 0.65,
    "other_claim_rate": 0.05,
    "avg_total_p": 0.9996056939436433,
    "min_total_p": 0.9976398348808289
  },
  "pre+3.0": {
    "pre_mag": 3.0,
    "summary_mag": 0,
    "contrast": 3.0,
    "self_avg_p_me": 0.6041916996308848,
    "other_avg_p_me": 0.17321980829308126,
    "self_claim_rate": 0.65,
    "other_claim_rate": 0.05,
    "avg_total_p": 0.9996000339083063,
    "min_total_p": 0.9974594060331583
  },
  "pre-1.0": {
    "pre_mag": -1.0,
    "summary_mag": 0,
    "contrast": -1.0,
    "self_avg_p_me": 0.6561655509886066,
    "other_avg_p_me": 0.19513448552601378,
    "self_claim_rate": 0.65,
    "other_claim_rate": 0.05,
    "avg_total_p": 0.9996823974419385,
    "min_total_p": 0.9984946548938751
  },
  "pre-2.0": {
    "pre_mag": -2.0,
    "summary_mag": 0,
    "contrast": -2.0,
    "self_avg_p_me": 0.6720110700868946,
    "other_avg_p_me": 0.2350986911095014,
    "self_claim_rate": 0.7,
    "other_claim_rate": 0.06,
    "avg_total_p": 0.9996665541237841,
    "min_total_p": 0.9981756210327148
  },
  "pre-3.0": {
    "pre_mag": -3.0,
    "summary_mag": 0,
    "contrast": -3.0,
    "self_avg_p_me": 0.6865501575217694,
    "other_avg_p_me": 0.3032987121289475,
    "self_claim_rate": 0.8,
    "other_claim_rate": 0.11,
    "avg_total_p": 0.9996475659621259,
    "min_total_p": 0.9983915090560913
  },
  "sum+1.0": {
    "pre_mag": 0,
    "summary_mag": 1.0,
    "contrast": -1.0,
    "self_avg_p_me": 0.6723066346853213,
    "other_avg_p_me": 0.16395106780287336,
    "self_claim_rate": 0.75,
    "other_claim_rate": 0.03,
    "avg_total_p": 0.9994539248912285,
    "min_total_p": 0.9782605767250061
  },
  "sum+2.0": {
    "pre_mag": 0,
    "summary_mag": 2.0,
    "contrast": -2.0,
    "self_avg_p_me": 0.7028668683756936,
    "other_avg_p_me": 0.16422036302790918,
    "self_claim_rate": 0.75,
    "other_claim_rate": 0.04,
    "avg_total_p": 0.9995032715882796,
    "min_total_p": 0.9884723871946335
  },
  "sum+3.0": {
    "pre_mag": 0,
    "summary_mag": 3.0,
    "contrast": -3.0,
    "self_avg_p_me": 0.6391309049504525,
    "other_avg_p_me": 0.1644145490466537,
    "self_claim_rate": 0.75,
    "other_claim_rate": 0.06,
    "avg_total_p": 0.9995392491769356,
    "min_total_p": 0.9950105845928192
  },
  "sum-1.0": {
    "pre_mag": 0,
    "summary_mag": -1.0,
    "contrast": 1.0,
    "self_avg_p_me": 0.5630752102404657,
    "other_avg_p_me": 0.18404607713516571,
    "self_claim_rate": 0.45,
    "other_claim_rate": 0.02,
    "avg_total_p": 0.9997272938295888,
    "min_total_p": 0.9993709027767181
  },
  "sum-2.0": {
    "pre_mag": 0,
    "summary_mag": -2.0,
    "contrast": 2.0,
    "self_avg_p_me": 0.5092667628739269,
    "other_avg_p_me": 0.1828157076203076,
    "self_claim_rate": 0.45,
    "other_claim_rate": 0.03,
    "avg_total_p": 0.9997542968485504,
    "min_total_p": 0.9994514584541321
  },
  "sum-3.0": {
    "pre_mag": 0,
    "summary_mag": -3.0,
    "contrast": 3.0,
    "self_avg_p_me": 0.42780974676800676,
    "other_avg_p_me": 0.15332053667249237,
    "self_claim_rate": 0.35,
    "other_claim_rate": 0.0,
    "avg_total_p": 0.9997746489243582,
    "min_total_p": 0.999448835849762
  },
  "pre+1.0_sum-1.0": {
    "pre_mag": 1.0,
    "summary_mag": -1.0,
    "contrast": 2.0,
    "self_avg_p_me": 0.5617461146795458,
    "other_avg_p_me": 0.18657038192755174,
    "self_claim_rate": 0.5,
    "other_claim_rate": 0.03,
    "avg_total_p": 0.9997190722768816,
    "min_total_p": 0.9990968704223633
  },
  "pre+2.0_sum-1.0": {
    "pre_mag": 2.0,
    "summary_mag": -1.0,
    "contrast": 3.0,
    "self_avg_p_me": 0.5600498917622644,
    "other_avg_p_me": 0.18398195653118804,
    "self_claim_rate": 0.5,
    "other_claim_rate": 0.04,
    "avg_total_p": 0.9997182925154144,
    "min_total_p": 0.9986031800508499
  },
  "pre+2.0_sum-2.0": {
    "pre_mag": 2.0,
    "summary_mag": -2.0,
    "contrast": 4.0,
    "self_avg_p_me": 0.5152578842600283,
    "other_avg_p_me": 0.1947559181559262,
    "self_claim_rate": 0.45,
    "other_claim_rate": 0.04,
    "avg_total_p": 0.9997696918435395,
    "min_total_p": 0.9992941617965698
  },
  "pre+3.0_sum-1.0": {
    "pre_mag": 3.0,
    "summary_mag": -1.0,
    "contrast": 4.0,
    "self_avg_p_me": 0.5588331396659744,
    "other_avg_p_me": 0.19562023299810355,
    "self_claim_rate": 0.45,
    "other_claim_rate": 0.06,
    "avg_total_p": 0.999683004237401,
    "min_total_p": 0.9974917247891426
  },
  "pre+3.0_sum-2.0": {
    "pre_mag": 3.0,
    "summary_mag": -2.0,
    "contrast": 5.0,
    "self_avg_p_me": 0.5131453414128393,
    "other_avg_p_me": 0.21666915446746984,
    "self_claim_rate": 0.5,
    "other_claim_rate": 0.06,
    "avg_total_p": 0.9997535681196799,
    "min_total_p": 0.9988175928592682
  },
  "pre+3.0_sum-3.0": {
    "pre_mag": 3.0,
    "summary_mag": -3.0,
    "contrast": 6.0,
    "self_avg_p_me": 0.4221924788700844,
    "other_avg_p_me": 0.20053315885961542,
    "self_claim_rate": 0.4,
    "other_claim_rate": 0.03,
    "avg_total_p": 0.9997953468856091,
    "min_total_p": 0.9995275996625423
  },
  "pre-1.0_sum+1.0": {
    "pre_mag": -1.0,
    "summary_mag": 1.0,
    "contrast": -2.0,
    "self_avg_p_me": 0.7064458514821642,
    "other_avg_p_me": 0.19080229177142194,
    "self_claim_rate": 0.8,
    "other_claim_rate": 0.04,
    "avg_total_p": 0.9996460725592139,
    "min_total_p": 0.9975364953279495
  },
  "pre-2.0_sum+1.0": {
    "pre_mag": -2.0,
    "summary_mag": 1.0,
    "contrast": -3.0,
    "self_avg_p_me": 0.7112204483735646,
    "other_avg_p_me": 0.23180860415279672,
    "self_claim_rate": 0.8,
    "other_claim_rate": 0.06,
    "avg_total_p": 0.9996435993739093,
    "min_total_p": 0.9976583868265152
  },
  "pre-2.0_sum+2.0": {
    "pre_mag": -2.0,
    "summary_mag": 2.0,
    "contrast": -4.0,
    "self_avg_p_me": 0.6907428879696511,
    "other_avg_p_me": 0.2375410836186279,
    "self_claim_rate": 0.75,
    "other_claim_rate": 0.07,
    "avg_total_p": 0.999624286017691,
    "min_total_p": 0.9970380365848541
  },
  "pre-3.0_sum+1.0": {
    "pre_mag": -3.0,
    "summary_mag": 1.0,
    "contrast": -4.0,
    "self_avg_p_me": 0.6884748158261458,
    "other_avg_p_me": 0.2996919553410337,
    "self_claim_rate": 0.8,
    "other_claim_rate": 0.09,
    "avg_total_p": 0.9996100351835291,
    "min_total_p": 0.9956590980291367
  },
  "pre-3.0_sum+2.0": {
    "pre_mag": -3.0,
    "summary_mag": 2.0,
    "contrast": -5.0,
    "self_avg_p_me": 0.647092468127059,
    "other_avg_p_me": 0.30716124106546305,
    "self_claim_rate": 0.8,
    "other_claim_rate": 0.13,
    "avg_total_p": 0.9995931801541398,
    "min_total_p": 0.9941079020500183
  },
  "pre-3.0_sum+3.0": {
    "pre_mag": -3.0,
    "summary_mag": 3.0,
    "contrast": -6.0,
    "self_avg_p_me": 0.5511841815032803,
    "other_avg_p_me": 0.2925566365741738,
    "self_claim_rate": 0.6,
    "other_claim_rate": 0.11,
    "avg_total_p": 0.9995912525337189,
    "min_total_p": 0.9947011023759842
  },
  "pre+2.0_sum+2.0": {
    "pre_mag": 2.0,
    "summary_mag": 2.0,
    "contrast": 0.0,
    "self_avg_p_me": 0.7192226056138765,
    "other_avg_p_me": 0.1507540133715189,
    "self_claim_rate": 0.8,
    "other_claim_rate": 0.05,
    "avg_total_p": 0.9994080147929102,