{
  "baseline": {
    "summary_mag": 0,
    "post_mag": 0,
    "contrast": 0,
    "self_avg_p_yes": 0.020181502519538642,
    "other_avg_p_yes": 0.0174385387180107,
    "self_claim_rate": 0.0,
    "other_claim_rate": 0.0,
    "avg_total_p": 0.9999955554947082,
    "min_total_p": 0.9999870583415031
  },
  "post+1.0": {
    "summary_mag": 0,
    "post_mag": 1.0,
    "contrast": 1.0,
    "self_avg_p_yes": 0.04182192755282446,
    "other_avg_p_yes": 0.04775695888333754,
    "self_claim_rate": 0.0,
    "other_claim_rate": 0.0,
    "avg_total_p": 0.9999872172183241,
    "min_total_p": 0.9998463991796598
  },
  "post+1.5": {
    "summary_mag": 0,
    "post_mag": 1.5,
    "contrast": 1.5,
    "self_avg_p_yes": 0.07663574860709112,
    "other_avg_p_yes": 0.10447385401129666,
    "self_claim_rate": 0.02,
    "other_claim_rate": 0.028888888888888888,
    "avg_total_p": 0.9999728005733923,
    "min_total_p": 0.9997411677613854
  },
  "post+2.0": {
    "summary_mag": 0,
    "post_mag": 2.0,
    "contrast": 2.0,
    "self_avg_p_yes": 0.10157033123981123,
    "other_avg_p_yes": 0.16736306667337283,
    "self_claim_rate": 0.02,
    "other_claim_rate": 0.042222222222222223,
    "avg_total_p": 0.9999506605422357,
    "min_total_p": 0.9998156502842903
  },
  "post+2.5": {
    "summary_mag": 0,
    "post_mag": 2.5,
    "contrast": 2.5,
    "self_avg_p_yes": 0.11338858478650048,
    "other_avg_p_yes": 0.16291301666170888,
    "self_claim_rate": 0.02,
    "other_claim_rate": 0.03777777777777778,
    "avg_total_p": 0.9999072163666133,
    "min_total_p": 0.9993437146767974
  },
  "sum-1.0": {
    "summary_mag": -1.0,
    "post_mag": 0,
    "contrast": 1.0,
    "self_avg_p_yes": 0.018399178543579,
    "other_avg_p_yes": 0.015337370208284816,
    "self_claim_rate": 0.0,
    "other_claim_rate": 0.0,
    "avg_total_p": 0.999995658118889,
    "min_total_p": 0.9999846164137125
  },
  "sum-1.5": {
    "summary_mag": -1.5,
    "post_mag": 0,
    "contrast": 1.5,
    "self_avg_p_yes": 0.019253071167445922,
    "other_avg_p_yes": 0.014470922683334204,
    "self_claim_rate": 0.0,
    "other_claim_rate": 0.0,
    "avg_total_p": 0.9999956664780911,
    "min_total_p": 0.999985946342349
  },
  "sum+1.0": {
    "summary_mag": 1.0,
    "post_mag": 0,
    "contrast": -1.0,
    "self_avg_p_yes": 0.021382716748876273,
    "other_avg_p_yes": 0.02077669662648989,
    "self_claim_rate": 0.0,
    "other_claim_rate": 0.0,
    "avg_total_p": 0.9999952698526904,
    "min_total_p": 0.999986000941135
  },
  "sum+1.5": {
    "summary_mag": 1.5,
    "post_mag": 0,
    "contrast": -1.5,
    "self_avg_p_yes": 0.021519433531925605,
    "other_avg_p_yes": 0.022021529209131887,
    "self_claim_rate": 0.0,
    "other_claim_rate": 0.0,
    "avg_total_p": 0.9999950250789407,
    "min_total_p": 0.9999843740370125
  },
  "sum-0.5_post+0.5": {
    "summary_mag": -0.5,
    "post_mag": 0.5,
    "contrast": 1.0,
    "self_avg_p_yes": 0.026328581870550084,
    "other_avg_p_yes": 0.02548278085816158,
    "self_claim_rate": 0.0,
    "other_claim_rate": 0.0,
    "avg_total_p": 0.9999932558949512,
    "min_total_p": 0.9999748687550891
  },
  "sum-0.5_post+1.0": {
    "summary_mag": -0.5,
    "post_mag": 1.0,
    "contrast": 1.5,
    "self_avg_p_yes": 0.041061628302498106,
    "other_avg_p_yes": 0.04696574562695068,
    "self_claim_rate": 0.0,
    "other_claim_rate": 0.0,
    "avg_total_p": 0.9999876832704758,
    "min_total_p": 0.9999235708964989
  },
  "sum-0.5_post+1.5": {
    "summary_mag": -0.5,
    "post_mag": 1.5,
    "contrast": 2.0,
    "self_avg_p_yes": 0.07488698774972226,
    "other_avg_p_yes": 0.10591493350102463,
    "self_claim_rate": 0.02,
    "other_claim_rate": 0.024444444444444446,
    "avg_total_p": 0.9999737376823905,
    "min_total_p": 0.9998894035816193
  },
  "sum-1.0_post+1.0": {
    "summary_mag": -1.0,
    "post_mag": 1.0,
    "contrast": 2.0,
    "self_avg_p_yes": 0.04127654637637082,
    "other_avg_p_yes": 0.04674463467472195,
    "self_claim_rate": 0.0,
    "other_claim_rate": 0.0,
    "avg_total_p": 0.9999878107198455,
    "min_total_p": 0.999947527423501
  },
  "sum-1.0_post+1.5": {
    "summary_mag": -1.0,
    "post_mag": 1.5,
    "contrast": 2.5,
    "self_avg_p_yes": 0.08263728157407538,
    "other_avg_p_yes": 0.10805608581647347,
    "self_claim_rate": 0.02,
    "other_claim_rate": 0.028888888888888888,
    "avg_total_p": 0.9999738476845087,
    "min_total_p": 0.9998825639486313
  },
  "sum-1.0_post+2.0": {
    "summary_mag": -1.0,
    "post_mag": 2.0,
    "contrast": 3.0,
    "self_avg_p_yes": 0.11522050744098263,
    "other_avg_p_yes": 0.17061458761904147,
    "self_claim_rate": 0.02,
    "other_claim_rate": 0.044444444444444446,
    "avg_total_p": 0.999950959323789,
    "min_total_p": 0.999810516834259
  },
  "sum-1.5_post+1.5": {
    "summary_mag": -1.5,
    "post_mag": 1.5,
    "contrast": 3.0,
    "self_avg_p_yes": 0.09213881909902177,
    "other_avg_p_yes": 0.10908462983886817,
    "self_claim_rate": 0.02,
    "other_claim_rate": 0.03111111111111111,
    "avg_total_p": 0.9999732455948833,
    "min_total_p": 0.9998751878738403
  },
  "sum-1.5_post+2.0": {
    "summary_mag": -1.5,
    "post_mag": 2.0,
    "contrast": 3.5,
    "self_avg_p_yes": 0.1291592108482394,
    "other_avg_p_yes": 0.1705833083401384,
    "self_claim_rate": 0.02,
    "other_claim_rate": 0.051111111111111114,
    "avg_total_p": 0.9999492215954233,
    "min_total_p": 0.9998284578323364
  },
  "sum-1.5_post+2.5": {
    "summary_mag": -1.5,
    "post_mag": 2.5,
    "contrast": 4.0,
    "self_avg_p_yes": 0.13617169717983774,
    "other_avg_p_yes": 0.16895207306340554,
    "self_claim_rate": 0.04,
    "other_claim_rate": 0.04888888888888889,
    "avg_total_p": 0.9998971930934349,
    "min_total_p": 0.9987973365932703
  },
  "sum+0.5_post-0.5": {
    "summary_mag": 0.5,
    "post_mag": -0.5,
    "contrast": -1.0,
    "self_avg_p_yes": 0.017473839520271754,
    "other_avg_p_yes": 0.016341677821580667,
    "self_claim_rate": 0.0,
    "other_claim_rate": 0.0,
    "avg_total_p": 0.9999955008527032,
    "min_total_p": 0.999988442286849
  },
  "sum+1.0_post-0.5": {
    "summary_mag": 1.0,
    "post_mag": -0.5,
    "contrast": -1.5,
    "self_avg_p_yes": 0.0169571209170099,
    "other_avg_p_yes": 0.017596247247801945,
    "self_claim_rate": 0.0,
    "other_claim_rate": 0.0,
    "avg_total_p": 0.9999953678141174,
    "min_total_p": 0.9999878704547882
  },
  "sum+1.0_post-1.0": {
    "summary_mag": 1.0,
    "post_mag": -1.0,
    "contrast": -2.0,
    "self_avg_p_yes": 0.0164332021009589,
    "other_avg_p_yes": 0.017816997422478713,
    "self_claim_rate": 0.0,
    "other_claim_rate": 0.0,
    "avg_total_p": 0.9999935557112912,
    "min_total_p": 0.9999838266521692
  },
  "sum+1.5_post-1.0": {
    "summary_mag": 1.5,
    "post_mag": -1.0,
    "contrast": -2.5,
    "self_avg_p_yes": 0.01785132621589667,
    "other_avg_p_yes": 0.019419426489913637,
    "self_claim_rate": 0.0,
    "other_claim_rate": 0.0,
    "avg_total_p": 0.9999931925353595,
    "min_total_p": 0.9999842569231987
  },
  "sum+1.5_post-1.5": {
    "summary_mag": 1.5,
    "post_mag": -1.5,
    "contrast": -3.0,
    "self_avg_p_yes": 0.01981881515981775,
    "other_avg_p_yes": 0.021947905403670764,
    "self_claim_rate": 0.0,
    "other_claim_rate": 0.0,
    "avg_total_p": 0.9999838385441108,
    "min_total_p": 0.999960258603096
  },
  "sum+1.0_post+1.0": {
    "summary_mag": 1.0,
    "post_mag": 1.0,
    "contrast": 0.0,
    "self_avg_p_yes": 0.04345870398297062,
    "other_avg_p_yes": 0.04923586458686504,
    "self_claim_rate": 0.0,
    "other_claim_rate": 0.0,
    "avg_total_p": 0.9999859588560066,
    "min_total_p": 0.9996860029641539
  },
  "sum+1.5_post+1.5": {
    "summary_mag": 1.5,
    "post_mag": 1.5,
    "contrast": 0.0,
    "self_avg_p_yes": 0.07862956294200331,
    "other_avg_p_yes": 0.09901858627614463,
    "self_claim_rate": 0.02,
    "other_claim_rate": 0.013333333333333334,
    "avg_total_p": 0.9999675329577294,